"Houston city, Texas",2312717
"San Antonio city, Texas",1511946
"Dallas city, Texas",1341075
"Austin city, Texas",950715
"Fort Worth city, Texas",874168
"El Paso city, Texas",683577
"Arlington city, Texas",396394
"Corpus Christi city, Texas",325605
"Plano city, Texas",286143
"Laredo city, Texas",260654
"Lubbock city, Texas",253888
"Irving city, Texas",240373
"Garland city, Texas",238002
"Amarillo city, Texas",199826
"Grand Prairie city, Texas",193837
"Brownsville city, Texas",183299
"McKinney city, Texas",181330
"Frisco city, Texas",177286
"Pasadena city, Texas",153520
"Killeen city, Texas",145482
"Mesquite city, Texas",143949
"McAllen city, Texas",142696
"Waco city, Texas",136436
"Denton city, Texas",136268
"Midland city, Texas",136089
"Carrollton city, Texas",135710
"Round Rock city, Texas",123678
"Abilene city, Texas",121885
"Pearland city, Texas",119940
"Beaumont city, Texas",119114
"Odessa city, Texas",116861
"Richardson city, Texas",116783
"College Station city, Texas",113564
"Lewisville city, Texas",106021
"Tyler city, Texas",104991
"League City city, Texas",104903
"Wichita Falls city, Texas",104747
"Allen city, Texas",100685
"San Angelo city, Texas",100119
"Edinburg city, Texas",90280
"Sugar Land city, Texas",88485
"Mission city, Texas",84424
"Conroe city, Texas",84378
"Bryan city, Texas",84021
"Longview city, Texas",81522
"Pharr city, Texas",79487
"New Braunfels city, Texas",79152
"Baytown city, Texas",76804
"Flower Mound town, Texas",76681
"Cedar Park city, Texas",75704
"Temple city, Texas",74503
"Missouri City city, Texas",74497
"Georgetown city, Texas",70685
"North Richland Hills city, Texas",70441
"Mansfield city, Texas",68928
"Victoria city, Texas",67106
"Harlingen city, Texas",65467
"Pflugerville city, Texas",63359
"San Marcos city, Texas",63071
"Rowlett city, Texas",62868
"Port Arthur city, Texas",55498
"Euless city, Texas",55174
"Grapevine city, Texas",53982
"DeSoto city, Texas",53568
"Galveston city, Texas",50497
"Wylie city, Texas",49826
"Bedford city, Texas",49486
"Leander city, Texas",49234
"Cedar Hill city, Texas",48710
"Texas City city, Texas",48558
"Keller city, Texas",47266
"Little Elm city, Texas",46548
"Burleson city, Texas",46145
"Haltom City city, Texas",44417
"Rockwall city, Texas",44208
"Kyle city, Texas",43480
"The Colony city, Texas",42721
"Coppell city, Texas",41941
"Sherman city, Texas",41917
"Huntsville city, Texas",41277
"Weslaco city, Texas",40358
"Schertz city, Texas",40092
"Friendswood city, Texas",39839
"Duncanville city, Texas",39487
"Lancaster city, Texas",39386
"Hurst city, Texas",39051
"Rosenberg city, Texas",37661
"Texarkana city, Texas",37333
"Farmers Branch city, Texas",37088
"San Juan city, Texas",36981
"Del Rio city, Texas",36006
"Lufkin city, Texas",35837
"La Porte city, Texas",35371
"Waxahachie city, Texas",35340
"Socorro city, Texas",34048
"Deer Park city, Texas",33891
"Nacogdoches city, Texas",33614
"Copperas Cove city, Texas",32706
"Southlake city, Texas",31824
"Harker Heights city, Texas",31075
"Weatherford city, Texas",30654
"Cleburne city, Texas",30230
"Cibolo city, Texas",29249
"Seguin city, Texas",28983
"Eagle Pass city, Texas",28945
"Big Spring city, Texas",27905
"Lake Jackson city, Texas",27473
"Greenville city, Texas",27443
"Colleyville city, Texas",26674
"Alvin city, Texas",26474
"Sachse city, Texas",25937
"Kingsville city, Texas",25482
"Hutto city, Texas",25367
"Balch Springs city, Texas",25357
"Midlothian city, Texas",25254
"University Park city, Texas",25201
"Paris city, Texas",24800
"Watauga city, Texas",24602
"San Benito city, Texas",24528
"Denison city, Texas",24380
"Corsicana city, Texas",23683
"Benbrook city, Texas",23590
"Kerrville city, Texas",23386
"Converse city, Texas",23375
"Marshall city, Texas",23195
"Saginaw city, Texas",23014
"Belton city, Texas",21734
"Corinth city, Texas",21152
"Stephenville city, Texas",20797
"Plainview city, Texas",20767
"Murphy city, Texas",20673
"Universal City city, Texas",20532
"Dickinson city, Texas",20359
"Forney city, Texas",20336
"Prosper town, Texas",20312
"Alamo city, Texas",19679
"Horizon City city, Texas",19562
"Angleton city, Texas",19544
"Ennis city, Texas",19261
"Orange city, Texas",19072
"Alice city, Texas",18949
"Brownwood city, Texas",18831
"Bellaire city, Texas",18797
"Stafford city, Texas",18315
"Palestine city, Texas",18306
"Katy city, Texas",18282
"Terrell city, Texas",17842
"White Settlement city, Texas",17828
"South Houston city, Texas",17543
"Bay City city, Texas",17528
"Nederland city, Texas",17491
"Pampa city, Texas",17475
"Portland city, Texas",17287
"Alton city, Texas",17278
"Taylor city, Texas",16982
"Brenham city, Texas",16951
"La Marque city, Texas",16766
"Mercedes city, Texas",16734
"Seagoville city, Texas",16715
"Donna city, Texas",16638
"Highland Village city, Texas",16587
"Gainesville city, Texas",16419
"Uvalde city, Texas",16298
"Mount Pleasant city, Texas",16257
"Buda city, Texas",16163
"Boerne city, Texas",16056
"Sulphur Springs city, Texas",16029
"Humble city, Texas",15997
"Live Oak city, Texas",15820
"Groves city, Texas",15769
"West University Place city, Texas",15608
"Addison town, Texas",15458
"Crowley city, Texas",15389
"Canyon city, Texas",15306
"Lakeway city, Texas",15154
"Mineral Wells city, Texas",14962
"Jacksonville city, Texas",14910
"Hereford city, Texas",14888
"Dumas city, Texas",14785
"Kilgore city, Texas",14782
"Rio Grande City city, Texas",14518
"Hewitt city, Texas",14435
"Hidalgo city, Texas",13931
"Lockhart city, Texas",13788
"Seabrook city, Texas",13693
"Levelland city, Texas",13628
"Andrews city, Texas",13472
"Santa Fe city, Texas",13442
"Henderson city, Texas",13300
"Glenn Heights city, Texas",13084
"Forest Hill city, Texas",12953
"Beeville city, Texas",12937
"Port Neches city, Texas",12898
"Lumberton city, Texas",12829
"Red Oak city, Texas",12780
"Borger city, Texas",12754
"Anna city, Texas",12753
"Athens city, Texas",12704
"Royse City city, Texas",12567
"Azle city, Texas",12495
"Gatesville city, Texas",12387
"Trophy Club town, Texas",12340
"Port Lavaca city, Texas",12212
"Freeport city, Texas",12169
"Fate city, Texas",12090
"Richmond city, Texas",12064
"El Campo city, Texas",11751
"Tomball city, Texas",11707
"Clute city, Texas",11634
"Robinson city, Texas",11617
"Leon Valley city, Texas",11426
"Roma city, Texas",11425
"Robstown city, Texas",11385
"Fredericksburg city, Texas",11369
"Snyder city, Texas",11320
"Burkburnett city, Texas",11170
"Webster city, Texas",11123
"Raymondville city, Texas",11003
"Galena Park city, Texas",10989
"Vidor city, Texas",10854
"Selma city, Texas",10712
"Jacinto City city, Texas",10661
"Sweetwater city, Texas",10579
"Rockport city, Texas",10555
"Bellmead city, Texas",10503
"Pleasanton city, Texas",10490
"Vernon city, Texas",10346
"Pearsall city, Texas",10345
"Ingleside city, Texas",10302
"Bonham city, Texas",10193
"Princeton city, Texas",10159
"Manvel city, Texas",10115
"Fulshear city, Texas",10044
"Granbury city, Texas",9923
"Pecos city, Texas",9922
"Celina city, Texas",9836
"Elgin city, Texas",9701
"Brownfield city, Texas",9695
"Hondo city, Texas",9305
"Manor city, Texas",9217
"Liberty city, Texas",9215
"Melissa city, Texas",9212
"Lamesa city, Texas",9211
"Highland Park town, Texas",9208
"San Elizario city, Texas",9173
"Helotes city, Texas",9169
"Commerce city, Texas",9145
"Fair Oaks Ranch city, Texas",9091
"Fairview town, Texas",8950
"Woodway city, Texas",8825
"Bastrop city, Texas",8802
"Wharton city, Texas",8769
"Heath city, Texas",8720
"Kirby city, Texas",8705
"Graham city, Texas",8685
"Perryton city, Texas",8683
"Hillsboro city, Texas",8425
"Alamo Heights city, Texas",8413
"Fort Stockton city, Texas",8356
"Dalhart city, Texas",8346
"Kennedale city, Texas",8338
"Whitehouse city, Texas",8317
"Cuero city, Texas",8292
"Aransas Pass city, Texas",8265
"Sanger city, Texas",8255
"Bridge City city, Texas",8162
"Roanoke city, Texas",8135
"Cleveland city, Texas",8125
"Richland Hills city, Texas",8052
"Dayton city, Texas",7969
"Lake Dallas city, Texas",7958
"Jersey Village city, Texas",7929
"Hitchcock city, Texas",7900
"Los Fresnos city, Texas",7830
"Lampasas city, Texas",7826
"Joshua city, Texas",7778
"River Oaks city, Texas",7703
"Hempstead city, Texas",7659
"Gonzales city, Texas",7628
"Navasota city, Texas",7607
"Jasper city, Texas",7604
"Floresville city, Texas",7572
"Seminole city, Texas",7559
"Monahans city, Texas",7520
"Lucas city, Texas",7483
"Mexia city, Texas",7394
"La Feria city, Texas",7364
"Kaufman city, Texas",7322
"Crystal City city, Texas",7264
"Elsa city, Texas",7134
"Providence Village town, Texas",7127
"Lago Vista city, Texas",6815
"Bee Cave city, Texas",6739
"Silsbee city, Texas",6724
"Decatur city, Texas",6721
"Lacy-Lakeview city, Texas",6611
"Bridgeport city, Texas",6596
"Carthage city, Texas",6581
"Crockett city, Texas",6526
"Marble Falls city, Texas",6514
"Sunnyvale town, Texas",6491
"Sealy city, Texas",6488
"Keene city, Texas",6440
"Willis city, Texas",6436
"Gladewater city, Texas",6408
"Prairie View city, Texas",6399
"Burnet city, Texas",6355
"Iowa Park city, Texas",6355
"White Oak city, Texas",6352
"Everman city, Texas",6348
"Gun Barrel City city, Texas",6102
"Childress city, Texas",6076
"Kermit city, Texas",6072
"Lindale city, Texas",6066
"Alpine city, Texas",6065
"Littlefield city, Texas",5988
"Slaton city, Texas",5967
"Yoakum city, Texas",5960
"Mont Belvieu city, Texas",5946
"Progreso city, Texas",5938
"Luling city, Texas",5903
"Windcrest city, Texas",5866
"Sansom Park city, Texas",5836
"Palmview city, Texas",5792
"Edna city, Texas",5770
"Marlin city, Texas",5701
"Anthony town, Texas",5665
"Rockdale city, Texas",5643
"Hutchins city, Texas",5627
"Carrizo Springs city, Texas",5542
"Rusk city, Texas",5541
"Cameron city, Texas",5523
"Atlanta city, Texas",5487
"Sinton city, Texas",5449
"Breckenridge city, Texas",5441
"Post city, Texas",5432
"Wake Village city, Texas",5425
"Terrell Hills city, Texas",5397
"Willow Park city, Texas",5340
"Center city, Texas",5326
"Diboll city, Texas",5303
"Brady city, Texas",5298
"Brookshire city, Texas",5265
"Nolanville city, Texas",5231
"Bulverde city, Texas",5184
"Gilmer city, Texas",5184
"Livingston town, Texas",5144
"McGregor city, Texas",5118
"Granite Shoals city, Texas",5114
"Giddings city, Texas",5106
"Bowie city, Texas",5085
"Muleshoe city, Texas",5082
"Port Isabel city, Texas",5060
"Krum city, Texas",5020
"Lake Worth city, Texas",4960
"Falfurrias city, Texas",4925
"Wolfforth city, Texas",4922
"Hudson city, Texas",4889
"Penitas city, Texas",4886
"Denver City town, Texas",4871
"Hunters Creek Village city, Texas",4846
"Primera town, Texas",4843
"Mathis city, Texas",4810
"Devine city, Texas",4809
"Rio Bravo city, Texas",4762
"Tulia city, Texas",4728
"Mineola city, Texas",4686
"La Grange city, Texas",4680
"Madisonville city, Texas",4672
"New Boston city, Texas",4661
"Pittsburg city, Texas",4651
"Palacios city, Texas",4645
"Meadows Place city, Texas",4621
"Parker city, Texas",4610
"Hickory Creek town, Texas",4596
"Hearne city, Texas",4523
"Sandy Oaks city, Texas",4498
"Morgan's Point Resort city, Texas",4465
"Castle Hills city, Texas",4460
"Coleman city, Texas",4406
"Dilley city, Texas",4358
"Jacksboro city, Texas",4357
"Pilot Point city, Texas",4342
"Jourdanton city, Texas",4336
"Caldwell city, Texas",4330
"Groesbeck city, Texas",4318
"La Joya city, Texas",4286
"San Diego city, Texas",4285
"Spring Valley Village city, Texas",4280
"Dimmitt city, Texas",4275
"Smithville city, Texas",4256
"Cockrell Hill city, Texas",4251
"Hallsville city, Texas",4243
"Bellville city, Texas",4236
"Aledo city, Texas",4232
"Oak Point city, Texas",4218
"Comanche city, Texas",4205
"Cotulla city, Texas",4178
"Sullivan City city, Texas",4153
"Port Aransas city, Texas",4143
"Wilmer city, Texas",4136
"Alvarado city, Texas",4124
"Ovilla city, Texas",4114
"Argyle city, Texas",4100
"Presidio city, Texas",4099
"Nassau Bay city, Texas",4052
"Whitesboro city, Texas",4008
"Bunker Hill Village city, Texas",3974
"Van Alstyne city, Texas",3964
"Garden Ridge city, Texas",3951
"Colorado City city, Texas",3943
"Eastland city, Texas",3934
"Friona city, Texas",3910
"Richwood city, Texas",3907
"West Columbia city, Texas",3899
"Horseshoe Bay city, Texas",3880
"Canton city, Texas",3878
"Dripping Springs city, Texas",3876
"Clyde city, Texas",3867
"Justin city, Texas",3847
"Cisco city, Texas",3803
"Shavano Park city, Texas",3793
"Sweeny city, Texas",3750
"Eagle Lake city, Texas",3719
"Ballinger city, Texas",3656
"Columbus city, Texas",3653
"Crane city, Texas",3647
"Taylor Lake Village city, Texas",3635
"Crandall city, Texas",3624
"Wills Point city, Texas",3624
"Dublin city, Texas",3605
"Venus town, Texas",3581
"Weston Lakes city, Texas",3558
"Teague city, Texas",3505
"Llano city, Texas",3497
"Farmersville city, Texas",3466
"Mabank town, Texas",3446
"Piney Point Village city, Texas",3422
"West Orange city, Texas",3419
"Poteet city, Texas",3415
"Nash city, Texas",3413
"Clifton city, Texas",3397
"West Lake Hills city, Texas",3396
"Aubrey city, Texas",3391
"Edcouch city, Texas",3365
"Hollywood Park town, Texas",3365
"Waller city, Texas",3359
"Kenedy city, Texas",3337
"Winnsboro city, Texas",3329
"Reno city (Lamar County), Texas",3300
"Karnes City city, Texas",3299
"Bullard town, Texas",3287
"Spearman city, Texas",3278
"Balcones Heights city, Texas",3277
"Cactus city, Texas",3259
"Big Lake city, Texas",3239
"El Cenizo city, Texas",3220
"Haskell city, Texas",3217
"Laguna Vista town, Texas",3200
"Clarksville city, Texas",3191
"Lavon city, Texas",3140
"Oak Ridge North city, Texas",3133
"Hideaway city, Texas",3127
"Grand Saline city, Texas",3122
"Olney city, Texas",3102
"Brazoria city, Texas",3099
"Annetta town, Texas",3090
"Howe town, Texas",3086
"Bishop city, Texas",3085
"Double Oak town, Texas",3079
"San Saba city, Texas",3075
"Combes town, Texas",3067
"Needville city, Texas",3065
"Henrietta city, Texas",3054
"Castroville city, Texas",3028
"Edgecliff Village town, Texas",3021
"Wimberley city, Texas",3019
"Chandler city, Texas",3014
"Hamilton city, Texas",3004
"McLendon-Chisholm city, Texas",2983
"Early city, Texas",2980
"Nocona city, Texas",2974
"West city, Texas",2966
"Stamford city, Texas",2957
"Stanton city, Texas",2947
"Taft city, Texas",2936
"Lytle city, Texas",2927
"Fairfield city, Texas",2917
"DeCordova city, Texas",2911
"Springtown city, Texas",2911
"Reno city (Parker and Tarrant Counties), Texas",2907
"Schulenburg city, Texas",2907
"Shady Shores town, Texas",2890
"Shenandoah city, Texas",2885
"Canadian city, Texas",2836
"Refugio town, Texas",2834
"South Padre Island town, Texas",2830
"Seagraves city, Texas",2814
"Santa Rosa town, Texas",2807
"Bartlett city, Texas",2776
"Northlake town, Texas",2776
"Rio Hondo city, Texas",2776
"Sonora city, Texas",2766
"Trinity city, Texas",2762
"Onalaska city, Texas",2755
"Abernathy city, Texas",2753
"Floydada city, Texas",2753
"Hooks city, Texas",2743
"Mount Vernon town, Texas",2741
"El Lago city, Texas",2740
"La Villa city, Texas",2740
"Palmhurst city, Texas",2738
"Van city, Texas",2728
"Westworth Village city, Texas",2726
"Electra city, Texas",2710
"Freer city, Texas",2684
"Beach City city, Texas",2677
"Hedwig Village city, Texas",2668
"Glen Rose city, Texas",2627
"Tahoka city, Texas",2624
"Ferris city, Texas",2622
"Seymour city, Texas",2620
"Hallettsville city, Texas",2616
"Merkel town, Texas",2600
"George West city, Texas",2581
"Premont city, Texas",2572
"Escobares city, Texas",2562
"Lyford city, Texas",2555
"The Hills village, Texas",2544
"Pantego town, Texas",2543
"Shallowater city, Texas",2535
"Quanah city, Texas",2529
"Woodville town, Texas",2500
"Overton city, Texas",2498
"Nixon city, Texas",2490
"Blue Mound city, Texas",2482
"Rancho Viejo town, Texas",2477
"Winters city, Texas",2474
"St. Hedwig town, Texas",2472
"Ranger city, Texas",2456
"Talty town, Texas",2450
"Junction city, Texas",2448
"Odem city, Texas",2420
"Daingerfield city, Texas",2413
"Shepherd city, Texas",2410
"Olmos Park city, Texas",2409
"Dalworthington Gardens city, Texas",2387
"Newton city, Texas",2387
"Anahuac city, Texas",2376
"Pottsboro town, Texas",2351
"Panhandle town, Texas",2350
"East Bernard city, Texas",2335
"Hudson Oaks city, Texas",2335
"Panorama Village city, Texas",2334
"Arcola city, Texas",2323
"Anson city, Texas",2310
"Idalou city, Texas",2310
"Malakoff city, Texas",2302
"Tool city, Texas",2291
"Salado village, Texas",2288
"Mason city, Texas",2238
"Poth town, Texas",2225
"Waskom city, Texas",2184
"Weimar city, Texas",2184
"De Leon city, Texas",2178
"Combine city, Texas",2177
"Shiner city, Texas",2161
"Whitney town, Texas",2139
"Wellington city, Texas",2129
"Huntington city, Texas",2126
"Kountze city, Texas",2113
"Olton city, Texas",2112
"Kirbyville city, Texas",2100
"Hale Center city, Texas",2099
"Jones Creek village, Texas",2096
"Memphis city, Texas",2089
"Yorktown city, Texas",2080
"Stratford city, Texas",2077
"Palmer town, Texas",2073
"Pinehurst city, Texas",2073
"Jonestown city, Texas",2071
"Ganado city, Texas",2070
"McCamey city, Texas",2063
"Johnson City city, Texas",2051
"Vinton village, Texas",2043
"Splendora city, Texas",2042
"Magnolia city, Texas",2029
"Blanco city, Texas",2027
"Kemah city, Texas",2024
"Hamlin city, Texas",2018
"Leonard city, Texas",2001
"Little River-Academy city, Texas",2000
"Troup city, Texas",2000
"Fritch city, Texas",1998
"Beverly Hills city, Texas",1986
"Albany city, Texas",1983
"Troy city, Texas",1979
"Cooper city, Texas",1968
"Goliad city, Texas",1968
"Jefferson city, Texas",1967
"Patton Village city, Texas",1954
"Ponder town, Texas",1949
"Elmendorf city, Texas",1945
"Three Rivers city, Texas",1943
"Gregory city, Texas",1942
"Italy town, Texas",1935
"Linden city, Texas",1934
"Van Horn town, Texas",1919
"Roman Forest town, Texas",1917
"Mart city, Texas",1914
"Sunray city, Texas",1906
"Liberty Hill city, Texas",1905
"West Tawakoni city, Texas",1895
"Buffalo city, Texas",1892
"San Augustine city, Texas",1886
"Meadowlakes city, Texas",1879
"Shamrock city, Texas",1870
"Ralls city, Texas",1862
"Goldthwaite city, Texas",1861
"Somerset city, Texas",1859
"Ingram city, Texas",1854
"Sour Lake city, Texas",1854
"Southside Place city, Texas",1854
"Haslet city, Texas",1844
"Quitman city, Texas",1824
"Stinnett city, Texas",1813
"Charlotte city, Texas",1812
"Morton city, Texas",1811
"Bovina city, Texas",1807
"Collinsville town, Texas",1791
"Clarendon city, Texas",1780
"Marfa city, Texas",1772
"Danbury city, Texas",1769
"Lorena city, Texas",1761
"Archer City city, Texas",1754
"Pelican Bay city, Texas",1750
"Rhome city, Texas",1747
"Woodcreek city, Texas",1742
"Brackettville city, Texas",1740
"Hughes Springs city, Texas",1737
"Lowry Crossing city, Texas",1737
"Bartonville town, Texas",1732
"Holliday city, Texas",1724
"Briarcliff village, Texas",1718
"Grandview city, Texas",1706
"La Grulla city, Texas",1700
"Sabinal city, Texas",1696
"Krugerville city, Texas",1695
"Eldorado city, Texas",1691
"Itasca city, Texas",1686
"Honey Grove city, Texas",1678
"Whitewright town, Texas",1678
"Lockney town, Texas",1669
"Crosbyton city, Texas",1657
"Josephine city, Texas",1644
"De Kalb city, Texas",1630
"Franklin city, Texas",1627
"Bayou Vista city, Texas",1624
"Plains town, Texas",1616
"Shoreacres city, Texas",1608
"Fulton town, Texas",1604
"Muenster city, Texas",1601
"Brookside Village city, Texas",1588
"Stockdale city, Texas",1583
"Corrigan town, Texas",1582
"Wheeler city, Texas",1573
"Bangs city, Texas",1567
"Caddo Mills city, Texas",1566
"Blossom city, Texas",1564
"Rollingwood city, Texas",1560
"Booker town, Texas",1557
"Natalia city, Texas",1548
"Bruceville-Eddy city, Texas",1546
"Jarrell city, Texas",1541
"Kerens city, Texas",1531
"Granger city, Texas",1517
"Lone Star city, Texas",1507
"Pleak village, Texas",1505
"Baird city, Texas",1504
"Seadrift city, Texas",1500
"Seven Points city, Texas",1497
"Runaway Bay city, Texas",1492
"Bells town, Texas",1488
"Edgewood town, Texas",1486
"Oak Leaf city, Texas",1486
"Quinlan city, Texas",1483
"Westlake town, Texas",1483
"Meridian city, Texas",1480
"Gunter city, Texas",1467
"Alvord town, Texas",1462
"Woodsboro town, Texas",1459
"Rotan city, Texas",1458
"Copper Canyon town, Texas",1457
"Queen City city, Texas",1453
"Wolfe City city, Texas",1442
"Bertram city, Texas",1441
"Flatonia town, Texas",1441
"Somerville city, Texas",1436
"Aurora city, Texas",1434
"New Fairview city, Texas",1431
"Grapeland city, Texas",1426
"Ivanhoe city, Texas",1417
"Sundown city, Texas",1414
"Boyd town, Texas",1411
"La Vernia city, Texas",1401
"Lakeside town (Tarrant County), Texas",1391
"Hubbard city, Texas",1390
"Menard city, Texas",1389
"Tatum city, Texas",1386
"Hico city, Texas",1385
"Big Sandy town, Texas",1384
"Moody city, Texas",1381
"Iowa Colony village, Texas",1380
"Old River-Winfree city, Texas",1376
"Rosebud city, Texas",1376
"Woodbranch city, Texas",1367
"Elkhart town, Texas",1329
"Cut and Shoot city, Texas",1328
"Naples city, Texas",1326
"Farwell city, Texas",1318
"Orange Grove city, Texas",1313
"China Grove town, Texas",1311
"Hawkins city, Texas",1305
"Cross Roads town, Texas",1302
"Thorndale city, Texas",1300
"Eden city, Texas",1297
"Wallis city, Texas",1297
"Emory city, Texas",1295
"Roscoe city, Texas",1293
"Tye city, Texas",1293
"Munday city, Texas",1289
"Benavides city, Texas",1285
"Von Ormy city, Texas",1275
"Palm Valley city, Texas",1271
"Martindale city, Texas",1266
"Florence city, Texas",1262
"Bevil Oaks city, Texas",1251
"Alto town, Texas",1230
"Brownsboro city, Texas",1229
"LaCoste city, Texas",1229
"Iraan city, Texas",1218
"Ore City city, Texas",1216
"Rogers town, Texas",1215
"Jewett city, Texas",1211
"Hemphill city, Texas",1210
"Clear Lake Shores city, Texas",1208
"Holiday Lakes town, Texas",1208
"China city, Texas",1205
"Spur city, Texas",1203
"Lexington town, Texas",1202
"Frankston town, Texas",1189
"Valley Mills city, Texas",1189
"Cottonwood Shores city, Texas",1188
"Claude city, Texas",1187
"Kemp city, Texas",1184
"Lorenzo city, Texas",1182
"Newark city, Texas",1161
"Tenaha town, Texas",1158
"Oyster Creek city, Texas",1156
"Calvert city, Texas",1154
"Rocksprings town, Texas",1150
"Gruver city, Texas",1149
"Nevada city, Texas",1148
"New Summerfield city, Texas",1148
"Timpson city, Texas",1143
"Holland town, Texas",1142
"Petersburg city, Texas",1137
"Knox City town, Texas",1136
"Fairchilds village, Texas",1135
"Clint town, Texas",1131
"Godley city, Texas",1131
"Ransom Canyon town, Texas",1123
"Marion city, Texas",1121
"Waelder city, Texas",1121
"Uhland city, Texas",1119
"Chico city, Texas",1116
"Ames city, Texas",1115
"Anton city, Texas",1100
"Hackberry town, Texas",1099
"Kempner city, Texas",1097
"Gholson city, Texas",1094
"New Waverly city, Texas",1094
"Pine Island town, Texas",1094
"Lindsay city, Texas",1092
"Runge town, Texas",1092
"Redwater city, Texas",1091
"Paducah town, Texas",1090
"Hill Country Village city, Texas",1084
"Hart city, Texas",1078
"Asherton city, Texas",1077
"Bogata city, Texas",1077
"St. Paul town, Texas",1077
"Tom Bean city, Texas",1076
"Jamaica Beach city, Texas",1075
"Southmayd city, Texas",1075
"Maud city, Texas",1066
"Daisetta city, Texas",1065
"Los Indios town, Texas",1062
"Tiki Island village, Texas",1062
"Gorman city, Texas",1044
"Santa Anna town, Texas",1044
"Groveton city, Texas",1034
"Maypearl city, Texas",1033
"Robert Lee city, Texas",1026
"Riesel city, Texas",1024
"Berryville town, Texas",1021
"Red Lick city, Texas",1016
"St. Jo city, Texas",1015
"Wink city, Texas",1006
"Arp city, Texas",1004
"Wortham town, Texas",1004
"Earth city, Texas",996
"Lakeside City town, Texas",995
"New London city, Texas",994
"Sterling City city, Texas",993
"Eustace city, Texas",992
"Omaha city, Texas",986
"Lakeport city, Texas",984
"Cross Plains town, Texas",983
"Tioga town, Texas",982
"Bronte town, Texas",980
"White Deer town, Texas",980
"Rice city, Texas",973
"Montgomery city, Texas",970
"Mustang Ridge city, Texas",969
"Rio Vista city, Texas",969
"Point Venture village, Texas",958
"Coolidge town, Texas",957
"Bremond city, Texas",952
"East Tawakoni city, Texas",937
"Thrall city, Texas",937
"Coldspring city, Texas",923
"Vega city, Texas",923
"Clarksville City city, Texas",915
"Moulton town, Texas",915
"Sudan city, Texas",912
"Tolar city, Texas",911
"Coahoma town, Texas",905
"Centerville city, Texas",899
"Bandera city, Texas",898
"Hardin city, Texas",897
"Point city, Texas",879
"Garrison city, Texas",878
"Lake Tanglewood village, Texas",878
"Cresson city, Texas",875
"Celeste city, Texas",872
"Lakewood Village city, Texas",872
"Trinidad city, Texas",872
"Crowell city, Texas",866
"Simonton city, Texas",862
"Blue Ridge city, Texas",861
"Miles city, Texas",856
"Aspermont town, Texas",855
"Garrett town, Texas",847
"Rankin city, Texas",844
"Lometa city, Texas",843
"Walnut Springs city, Texas",843
"Blooming Grove town, Texas",831
"Rising Star town, Texas",830
"Savoy city, Texas",830
"Indian Lake town, Texas",828
"Beckville city, Texas",826
"East Mountain city, Texas",824
"O'Donnell city, Texas",824
"San Felipe town, Texas",821
"New Deal town, Texas",817
"Hilshire Village city, Texas",815
"Wells town, Texas",813
"Joaquin city, Texas",812
"Pineland city, Texas",811
"Agua Dulce city, Texas",808
"Dawson town, Texas",793
"Valley View city, Texas",792
"Cumby city, Texas",790
"Payne Springs town, Texas",780
"Sunrise Beach Village city, Texas",779
"Bailey's Prairie village, Texas",776
"McLean town, Texas",771
"Throckmorton town, Texas",767
"Mountain City city, Texas",753
"Crawford town, Texas",747
"Driscoll city, Texas",747
"Log Cabin city, Texas",747
"Milford town, Texas",747
"Scurry town, Texas",747
"Lott city, Texas",745
"Santa Clara city, Texas",741
"Mertzon city, Texas",739
"Burke city, Texas",734
"Tuscola city, Texas",732
"Point Blank city, Texas",730
"Camp Wood city, Texas",726
"Hillcrest village, Texas",724
"Big Wells city, Texas",720
"Noonday city, Texas",719
"Zavalla city, Texas",719
"Como town, Texas",717
"Ector city, Texas",708
"Point Comfort city, Texas",704
"Normangee town, Texas",698
"Westover Hills town, Texas",694
"Detroit town, Texas",693
"Kress city, Texas",693
"Bardwell city, Texas",689
"Sunset Valley city, Texas",687
"Chillicothe city, Texas",686
"Pecan Hill city, Texas",685
"Amherst city, Texas",682
"Silverton city, Texas",680
"Plum Grove city, Texas",670
"Happy town, Texas",667
"Beasley city, Texas",663
"Petrolia city, Texas",663
"Falls City city, Texas",654
"Strawn city, Texas",654
"Trenton city, Texas",646
"Lone Oak city, Texas",645
"Roxton city, Texas",642
"Frost city, Texas",640
"Kenefick town, Texas",640
"Oak Grove town, Texas",638
"New Hope town, Texas",635
"Lovelady city, Texas",632
"New Chapel Hill city, Texas",627
"Roby city, Texas",626
"Matador town, Texas",622
"Hawley city, Texas",619
"Oak Ridge town (Kaufman County), Texas",619
"Rule town, Texas",616
"Ingleside on the Bay city, Texas",615
"Ladonia town, Texas",614
"Cushing city, Texas",612
"Campbell city, Texas",606
"Niederwald city, Texas",606
"Miami city, Texas",602
"Nome city, Texas",602
"Graford city, Texas",601
"Winona town, Texas",601
"Murchison city, Texas",599
"Stagecoach town, Texas",594
"Volente village, Texas",592
"Colmesneil city, Texas",591
"Encinal city, Texas",587
"Meadow town, Texas",586
"Pattison city, Texas",586
"Loraine town, Texas",582
"Golinda city, Texas",577
"Smiley city, Texas",570
"Surfside Beach city, Texas",568
"Groom town, Texas",565
"Newcastle city, Texas",565
"Deport city, Texas",563
"San Perlita city, Texas",557
"Annetta South town, Texas",550
"Balmorhea city, Texas",550
"Annetta North town, Texas",546
"New Berlin city, Texas",543
"Riverside city, Texas",543
"Post Oak Bend City town, Texas",541
"Grey Forest city, Texas",540
"Hawk Cove city, Texas",535
"Cove city, Texas",534
"Winfield city, Texas",532
"Snook city, Texas",529
"Texline town, Texas",529
"Thornton town, Texas",528
"Rose City city, Texas",527
"Alba town, Texas",524
"San Leanna village, Texas",524
"Wickett town, Texas",524
"Lake City town, Texas",523
"Weir city, Texas",522
"Buckholts town, Texas",521
"Lincoln Park town, Texas",521
"Bryson city, Texas",519
"Liverpool city, Texas",519
"Oakwood town, Texas",517
"Pine Forest city, Texas",510
"Thorntonville town, Texas",508
"Talco city, Texas",507
"Easton city, Texas",506
"Jayton city, Texas",504
"Morgan city, Texas",503
"Paradise city, Texas",500
"Devers city, Texas",497
"Briaroaks city, Texas",495
"Leary city, Texas",492
"Lefors town, Texas",492
"Scotland city, Texas",491
"Knollwood city, Texas",489
"Dean city, Texas",483
"Wilson city, Texas",482
"Brazos Country city, Texas",481
"Gordon city, Texas",478
"Smyer town, Texas",477
"Appleby city, Texas",473
"Byers city, Texas",472
"Buffalo Gap town, Texas",467
"Dell City city, Texas",467
"Hallsburg city, Texas",467
"Bedias city, Texas",466
"Follett city, Texas",466
"Kosse town, Texas",466
"Lipan city, Texas",466
"Star Harbor city, Texas",459
"Skellytown town, Texas",458
"Timbercreek Canyon village, Texas",458
"Blum town, Texas",457
"Gustine town, Texas",457
"Oglesby city, Texas",452
"Avery town, Texas",450
"Highland Haven city, Texas",449
"Buffalo Springs village, Texas",448
"Webberville village, Texas",448
"Bear Creek village, Texas",445
"Mount Enterprise city, Texas",440
"Leakey city, Texas",439
"DISH town, Texas",438
"Gallatin city, Texas",435
"Millsap town, Texas",435
"Rose Hill Acres city, Texas",435
"Avinger town, Texas",429
"Milano city, Texas",428
"Ropesville city, Texas",428
"Fruitvale city, Texas",425
"Iola city, Texas",424
"Angus city, Texas",417
"Hebron town, Texas",417
"Christine town, Texas",415
"Whiteface town, Texas",415
"Higgins city, Texas",405
"Yantis town, Texas",405
"Kurten town, Texas",403
"Evant town, Texas",402
"Bayview town, Texas",398
"Orchard city, Texas",398
"Bloomburg town, Texas",397
"Edom city, Texas",391
"Turkey city, Texas",389
"Windthorst town, Texas",389
"Chireno city, Texas",388
"Kendleton city, Texas",386
"Reklaw city, Texas",384
"Oak Valley town, Texas",382
"Quitaque city, Texas",382
"San Patricio city, Texas",382
"Grandfalls town, Texas",381
"Huxley city, Texas",381
"Howardwick city, Texas",379
"Lake Bridgeport city, Texas",379
"Retreat town, Texas",379
"Alma town, Texas",378
"Dodd City town, Texas",377
"Blanket town, Texas",376
"Rosser village, Texas",375
"Union Grove city, Texas",375
"Callisburg city, Texas",373
"Union Valley city, Texas",372
"Barstow city, Texas",370
"Mildred town, Texas",368
"Sadler city, Texas",368
"Scottsville city, Texas",366
"Abbott city, Texas",363
"South Mountain town, Texas",361
"Darrouzett town, Texas",357
"Bonney village, Texas",355
"Cashion Community city, Texas",350
"New Home city, Texas",350
"Palisades village, Texas",349
"Channing city, Texas",348
"Bellevue city, Texas",347
"Grays Prairie village, Texas",347
"Morgan's Point city, Texas",347
"Leroy city, Texas",345
"Trent town, Texas",340
"Brazos Bend city, Texas",339
"Iredell city, Texas",338
"Coyote Flats city, Texas",336
"Texhoma city, Texas",336
"Enchanted Oaks town, Texas",333
"Lueders city, Texas",332
"Bayside town, Texas",329
"Kennard city, Texas",329
"Pleasant Valley town, Texas",329
"Industry city, Texas",326
"Mount Calm city, Texas",325
"Lawn town, Texas",320
"Latexo city, Texas",315
"Rochester town, Texas",314
"Sanctuary town, Texas",313
"Thompsons town, Texas",313
"Weston city, Texas",313
"Chester town, Texas",312
"Blackwell city, Texas",311
"Richland Springs town, Texas",310
"Coupland city, Texas",309
"Poynor town, Texas",308
"Nordheim city, Texas",307
"Tira town, Texas",307
"Goodrich city, Texas",306
"Lakeside town (San Patricio County), Texas",305
"Nazareth city, Texas",304
"Gary City town, Texas",303
"Granjeno city, Texas",301
"Hedley city, Texas",297
"Annona town, Texas",295
"Bailey city, Texas",295
"Burton city, Texas",295
"Eureka city, Texas",295
"Paint Rock town, Texas",293
"Warren City city, Texas",293
"Cross Timber town, Texas",292
"Coffee City town, Texas",289
"Tehuacana town, Texas",282
"Staples city, Texas",281
"Cranfills Gap city, Texas",280
"Ross city, Texas",280
"North Cleveland city, Texas",277
"Covington city, Texas",272
"Malone town, Texas",272
"Carbon town, Texas",271
"Goldsmith city, Texas",270
"Richland town, Texas",267
"Marquez city, Texas",266
"Moran city, Texas",265
"Fayetteville city, Texas",262
"Wixon Valley city, Texas",259
"Dickens city, Texas",257
"Benjamin city, Texas",256
"Carmine city, Texas",255
"Barry city, Texas",250
"Hays city, Texas",250
"Westbrook city, Texas",249
"Mingus city, Texas",248
"Progreso Lakes city, Texas",248
"Woodson town, Texas",246
"Streetman town, Texas",243
"Taylor Landing city, Texas",243
"Millican town, Texas",240
"Roaring Springs town, Texas",239
"Midway city, Texas",233
"Sandy Point city, Texas",233
"Anderson city, Texas",232
"Ackerly city, Texas",227
"Caney City town, Texas",224
"Douglassville town, Texas",223
"La Ward city, Texas",222
"Forsan city, Texas",219
"Creedmoor city, Texas",218
"Ravenna city, Texas",216
"Oak Ridge town (Cooke County), Texas",211
"Navarro town, Texas",209
"Woodloch town, Texas",209
"Wellman city, Texas",206
"Goree city, Texas",203
"Mobile City city, Texas",203
"Moore Station city, Texas",203
"Penelope town, Texas",202
"Bynum town, Texas",201
"Pecan Gap city, Texas",201
"Windom town, Texas",199
"Browndell city, Texas",198
"Goodlow city, Texas",196
"Broaddus town, Texas",194
"Megargel town, Texas",193
"Cottonwood city, Texas",190
"Opdyke West town, Texas",184
"Carl's Corner town, Texas",182
"Bishop Hills town, Texas",181
"Leona city, Texas",181
"Cool city, Texas",180
"Mullin town, Texas",178
"Round Mountain town, Texas",176
"Adrian city, Texas",171
"Melvin town, Texas",168
"Weinert city, Texas",168
"Jolly city, Texas",166
"Sanford town, Texas",159
"Miller's Cove town, Texas",155
"Austwell city, Texas",146
"Cuney town, Texas",140
"Emhouse town, Texas",140
"Powell town, Texas",138
"Estelline town, Texas",133
"Novice city, Texas",132
"Marietta town, Texas",130
"Kirvin town, Texas",129
"Valentine town, Texas",127
"Mertens town, Texas",126
"Seven Oaks city, Texas",124
"Pyote town, Texas",122
"Todd Mission city, Texas",116
"Petronila city, Texas",113
"Aquilla city, Texas",110
"Dodson town, Texas",108
"Edmonson town, Texas",105
"O'Brien city, Texas",105
"Springlake town, Texas",105
"Toyah town, Texas",105
"Dayton Lakes city, Texas",104
"Mobeetie city, Texas",102
"Lakeview town, Texas",99
"Spofford city, Texas",98
"Putnam town, Texas",95
"Quintana town, Texas",95
"Uncertain city, Texas",94
"Dorchester city, Texas",93
"Neylandville town, Texas",93
"Round Top town, Texas",91
"Domino town, Texas",78
"Toco city, Texas",74
"Rocky Mound town, Texas",71
"Sun Valley city, Texas",70
"Corral City town, Texas",45
"Impact town, Texas",30
"Mustang town, Texas",23
"Los Ybanez city, Texas",19
